Chrom	Start	End	U	Q95
9	16560001	16600000	0	0.0008946322067594
9	16600001	16640000	0	0.0
9	16680001	16720000	1	0.6282306163021869
9	16720001	16760000	2	0.6828528827037773
9	16760001	16800000	1	0.6988071570576541
9	16800001	16840000	1	0.7176938369781312
9	16840001	16880000	0	0.1538270377733598
