Chrom	Start	End	Ref	Tgt	Src	Outgroup	N(Variants)	Danc.NEA	Danc.DEN	DD.NEA	DD.DEN	Dplus.NEA	Dplus.DEN	df.NEA	df.DEN	fd.NEA	fd.DEN	U	Q
9	16720001	16760000	AFR+EAS	EUR	NEA,DEN	nan	1007	0.4129294073240463	0.2057278017879458	53.56721772539367	29.49165522736596	0.4945447401700732	0.2692256133787326	0.4583543232624432	0.2539470613190382	0.5958374858338679	0.354370074530527	2	0.6828528827037773
9	16800001	16840000	AFR+EAS	EUR	NEA,DEN	nan	960	0.40565740562034	0.2293069244216921	24.16718735207801	13.914000126226764	0.5158532156040262	0.2961183185162913	0.3520651233378468	0.1984114833463481	0.6411180111472388	0.5318202119747509	1	0.7176938369781312
