Chrom	Start	End	Ref	Tgt	Src	Outgroup	N(Variants)	Danc.NEA	Danc.DEN	DD.NEA	DD.DEN	Dplus.NEA	Dplus.DEN	df.NEA	df.DEN	fd.NEA	fd.DEN	U	Q
9	16800001	16840000	AFR+EAS	EUR	NEA,DEN	nan	960	0.40565740562034	0.2293069244216921	24.16718735207801	13.914000126226764	0.5158532156040262	0.2961183185162913	0.3520651233378468	0.1984114833463481	0.6411180111472388	0.5318202119747509	1	0.7176938369781312
9	16880001	16920000	AFR+EAS	EUR	NEA,DEN	nan	512	0.3881193782134191	0.3589872405156586	20.739761825870172	19.506952333617345	0.4808564562431685	0.4522734663012016	0.5199698990819357	0.5044977777777778	0.4773650390204588	0.55657933398083	0	nan
