Chrom	Start	End	Ref	Tgt	Src	Outgroup	N(Variants)	Danc.NEA	Danc.DEN	DD.NEA	DD.DEN	Dplus.NEA	Dplus.DEN	df.NEA	df.DEN	fd.NEA	fd.DEN	U	Q
9	16720001	16760000	AFR+EAS	EUR	NEA,DEN	nan	1007	0.4129294073240463	0.2057278017879458	53.56721772539367	29.49165522736596	0.4945447401700732	0.2692256133787326	0.4583543232624432	0.2539470613190382	0.5958374858338679	0.354370074530527	2	0.6828528827037773
9	16880001	16920000	AFR+EAS	EUR	NEA,DEN	nan	512	0.3881193782134191	0.3589872405156586	20.739761825870172	19.506952333617345	0.4808564562431685	0.4522734663012016	0.5199698990819357	0.5044977777777778	0.4773650390204588	0.55657933398083	0	nan
