Chrom	Start	End	Ref	Tgt	Src	N(Variants)	Danc.NEA	Danc.DEN	DD.NEA	DD.DEN	Dplus.NEA	Dplus.DEN	df.NEA	df.DEN	fd.NEA	fd.DEN	U	Q
9	16800001	16840000	AFR+EAS	EUR	NEA,DEN	965	0.3483574761659182	0.148149919637561	24.166187399413044	13.913000173561802	0.5157556234470709	0.2960532334915088	0.5647710876777138	0.45821926834485	0.5203737429291472	0.4361012343135987	2	0.7085487077534791
9	16880001	16920000	AFR+EAS	EUR	NEA,DEN	515	0.2357288655811234	0.2023409162980551	20.74669838114172	19.51388888888889	0.4808513793421229	0.4522782476598944	0.633877424135179	0.6260352660527648	0.5848769536134498	0.6574886178911243	0	nan
