Chrom	Start	End	Ref	Tgt	Src	Outgroup	N(Variants)	Danc.NEA	Danc.DEN	DD.NEA	DD.DEN	Dplus.NEA	Dplus.DEN	df.NEA	df.DEN	fd.NEA	fd.DEN	U	Q
9	16760001	16800000	AFR+EAS	EUR	NEA,DEN	nan	1060	0.4068368857804935	0.1438067334121798	40.19722340559816	16.581497128341063	0.5263549295804029	0.2153953867869153	0.5848435316604244	0.2198299043391947	0.5444309862037052	0.2350639630934674	1	0.6988071570576541
9	16880001	16920000	AFR+EAS	EUR	NEA,DEN	nan	512	0.3881193782134191	0.3589872405156586	20.739761825870172	19.506952333617345	0.4808564562431685	0.4522734663012016	0.5199698990819357	0.5044977777777778	0.4773650390204588	0.55657933398083	0	nan
