Chrom	Start	End	Ref	Tgt	Src	Outgroup	N(Variants)	Danc.NEA	Danc.DEN	DD.NEA	DD.DEN	Dplus.NEA	Dplus.DEN	df.NEA	df.DEN	fd.NEA	fd.DEN	U	Q
9	16760001	16800000	AFR+EAS	EUR	NEA,DEN	nan	1060	0.4068368857804935	0.1438067334121798	40.19722340559816	16.581497128341063	0.5263549295804029	0.2153953867869153	0.5848435316604244	0.2198299043391947	0.5444309862037052	0.2350639630934674	1	0.6988071570576541
9	16800001	16840000	AFR+EAS	EUR	NEA,DEN	nan	960	0.40565740562034	0.2293069244216921	24.16718735207801	13.914000126226764	0.5158532156040262	0.2961183185162913	0.3520651233378468	0.1984114833463481	0.6411180111472388	0.5318202119747509	1	0.7176938369781312
