Chrom	Start	End	Ref	Tgt	Src	N(Variants)	Danc.NEA	Danc.DEN	DD.NEA	DD.DEN	Dplus.NEA	Dplus.DEN	df.NEA	df.DEN	fd.NEA	fd.DEN	U	Q
9	16800001	16840000	AFR+EAS	EUR	NEA,DEN	965	0.3483574761659182	0.148149919637561	24.166187399413044	13.913000173561802	0.5157556234470709	0.2960532334915088	0.5647710876777138	0.45821926834485	0.5203737429291472	0.4361012343135987	2	0.7085487077534791
