Chrom	Start	End	Ref	Tgt	Src	N(Variants)	Danc.NEA	Danc.DEN	DD.NEA	DD.DEN	Dplus.NEA	Dplus.DEN	df.NEA	df.DEN	fd.NEA	fd.DEN	U	Q
9	16720001	16760000	AFR+EAS	EUR	NEA,DEN	1009	0.468094633589802	0.1878087967293059	53.748390608728585	29.67282811070087	0.4938412379658957	0.2696010493634581	0.4307360888508696	0.2735974963275663	0.5304064527992856	0.3483404770928036	2	0.6828528827037773
9	16880001	16920000	AFR+EAS	EUR	NEA,DEN	515	0.2357288655811234	0.2023409162980551	20.74669838114172	19.51388888888889	0.4808513793421229	0.4522782476598944	0.633877424135179	0.6260352660527648	0.5848769536134498	0.6574886178911243	0	nan
