Chrom	Start	End	Ref	Tgt	Src	Outgroup	N(Variants)	Danc.NEA	Danc.DEN	DD.NEA	DD.DEN	Dplus.NEA	Dplus.DEN	df.NEA	df.DEN	fd.NEA	fd.DEN	U	Q
9	16720001	16760000	AFR+EAS	EUR	NEA,DEN	nan	1007	0.4129294073240463	0.2057278017879458	53.56721772539367	29.49165522736596	0.4945447401700732	0.2692256133787326	0.4583543232624432	0.2539470613190382	0.5958374858338679	0.354370074530527	2	0.6828528827037773
9	16760001	16800000	AFR+EAS	EUR	NEA,DEN	nan	1060	0.4068368857804935	0.1438067334121798	40.19722340559816	16.581497128341063	0.5263549295804029	0.2153953867869153	0.5848435316604244	0.2198299043391947	0.5444309862037052	0.2350639630934674	1	0.6988071570576541
