Chrom	Start	End	Ref	Tgt	Src	N(Variants)	Danc.NEA	Danc.DEN	DD.NEA	DD.DEN	Dplus.NEA	Dplus.DEN	df.NEA	df.DEN	fd.NEA	fd.DEN	U	Q
9	16760001	16800000	AFR+EAS	EUR	NEA,DEN	1063	0.3774533497344771	0.0936927235764277	40.30734245321721	16.691616175960114	0.527043508096017	0.2165360338951636	0.6180876392127327	0.3254596153324656	0.5446519286324689	0.2774457717321258	1	0.6988071570576541
9	16880001	16920000	AFR+EAS	EUR	NEA,DEN	515	0.2357288655811234	0.2023409162980551	20.74669838114172	19.51388888888889	0.4808513793421229	0.4522782476598944	0.633877424135179	0.6260352660527648	0.5848769536134498	0.6574886178911243	0	nan
