Chrom	Start	End	Ref	Tgt	Src	N(Variants)	Danc.NEA	Danc.DEN	DD.NEA	DD.DEN	Dplus.NEA	Dplus.DEN	df.NEA	df.DEN	fd.NEA	fd.DEN	U	Q
9	16480001	16520000	AFR+EAS	EUR	NEA,DEN	989	0.4003336659632967	0.4756416968058684	4.850904493672886	6.493816860740324	0.0806999506913383	0.1078849432189171	-0.3978571878073392	-0.3404887911082404	-0.1963150093317066	-0.1835078746997077	0	nan
9	16560001	16600000	AFR+EAS	EUR	NEA,DEN	1034	0.5305058367632461	0.5552144677156406	-2.909611773801629	-2.144283110858666	-0.0653869859756273	-0.0481879441649001	-0.3083961793330863	-0.3196987989281401	-0.1347119896933632	-0.1385352750664909	0	0.0008946322067594
