Chrom	Start	End	Ref	Tgt	Src	N(Variants)	Danc.NEA	Danc.DEN	DD.NEA	DD.DEN	Dplus.NEA	Dplus.DEN	df.NEA	df.DEN	fd.NEA	fd.DEN	U	Q
9	16560001	16600000	AFR+EAS	EUR	NEA,DEN	1034	0.5305058367632461	0.5552144677156406	-2.909611773801629	-2.144283110858666	-0.0653869859756273	-0.0481879441649001	-0.3083961793330863	-0.3196987989281401	-0.1347119896933632	-0.1385352750664909	0	0.0008946322067594
9	16720001	16760000	AFR+EAS	EUR	NEA,DEN	1009	0.468094633589802	0.1878087967293059	53.748390608728585	29.67282811070087	0.4938412379658957	0.2696010493634581	0.4307360888508696	0.2735974963275663	0.5304064527992856	0.3483404770928036	2	0.6828528827037773
