Chrom	Start	End	Ref	Tgt	Src	N(Variants)	Danc.NEA	Danc.DEN	DD.NEA	DD.DEN	Dplus.NEA	Dplus.DEN	df.NEA	df.DEN	fd.NEA	fd.DEN	U	Q
9	16720001	16760000	AFR+EAS	EUR	NEA,DEN	1009	0.468094633589802	0.1878087967293059	53.748390608728585	29.67282811070087	0.4938412379658957	0.2696010493634581	0.4307360888508696	0.2735974963275663	0.5304064527992856	0.3483404770928036	2	0.6828528827037773
9	16800001	16840000	AFR+EAS	EUR	NEA,DEN	965	0.3483574761659182	0.148149919637561	24.166187399413044	13.913000173561802	0.5157556234470709	0.2960532334915088	0.5647710876777138	0.45821926834485	0.5203737429291472	0.4361012343135987	2	0.7085487077534791
