Chrom	Start	End	Ref	Tgt	Src	N(Variants)	Danc.NEA	Danc.DEN	DD.NEA	DD.DEN	Dplus.NEA	Dplus.DEN	df.NEA	df.DEN	fd.NEA	fd.DEN	U	Q
9	16720001	16760000	AFR+EAS	EUR	NEA,DEN	1009	0.468094633589802	0.1878087967293059	53.748390608728585	29.67282811070087	0.4938412379658957	0.2696010493634581	0.4307360888508696	0.2735974963275663	0.5304064527992856	0.3483404770928036	2	0.6828528827037773
9	16760001	16800000	AFR+EAS	EUR	NEA,DEN	1063	0.3774533497344771	0.0936927235764277	40.30734245321721	16.691616175960114	0.527043508096017	0.2165360338951636	0.6180876392127327	0.3254596153324656	0.5446519286324689	0.2774457717321258	1	0.6988071570576541
