Chrom	Start	End	Ref	Tgt	Src	N(Variants)	Danc.NEA	Danc.DEN	DD.NEA	DD.DEN	Dplus.NEA	Dplus.DEN	df.NEA	df.DEN	fd.NEA	fd.DEN	U	Q
9	16680001	16720000	AFR+EAS	EUR	NEA,DEN	1009	-0.1382780952674171	-0.146393773137567	19.376816482060025	18.12248138155196	0.2676815749974436	0.2542332917037114	0.5057498579367533	0.4902203482298588	0.3149473221107253	0.4202876357083724	1	0.565506958250497
9	16880001	16920000	AFR+EAS	EUR	NEA,DEN	515	0.2357288655811234	0.2023409162980551	20.74669838114172	19.51388888888889	0.4808513793421229	0.4522782476598944	0.633877424135179	0.6260352660527648	0.5848769536134498	0.6574886178911243	0	nan
