Chrom	Start	End	Ref	Tgt	Src	N(Variants)	Danc.NEA	Danc.DEN	DD.NEA	DD.DEN	Dplus.NEA	Dplus.DEN	df.NEA	df.DEN	fd.NEA	fd.DEN	U	Q
9	16760001	16800000	AFR+EAS	EUR	NEA,DEN	1063	0.3774533497344771	0.0936927235764277	40.30734245321721	16.691616175960114	0.527043508096017	0.2165360338951636	0.6180876392127327	0.3254596153324656	0.5446519286324689	0.2774457717321258	1	0.6988071570576541
9	16800001	16840000	AFR+EAS	EUR	NEA,DEN	965	0.3483574761659182	0.148149919637561	24.166187399413044	13.913000173561802	0.5157556234470709	0.2960532334915088	0.5647710876777138	0.45821926834485	0.5203737429291472	0.4361012343135987	2	0.7085487077534791
