Chrom	Start	End	Ref	Tgt	Src	Outgroup	N(Variants)	U	Q
9	16400001	16440000	AFR+EAS	EUR	NEA,DEN	NA	1082	0	0.0009940357852882703
9	16440001	16480000	AFR+EAS	EUR	NEA,DEN	NA	983	0	0.0025844930417495025
9	16480001	16520000	AFR+EAS	EUR	NEA,DEN	NA	985	0	0.0019880715705765406
9	16520001	16560000	AFR+EAS	EUR	NEA,DEN	NA	966	0	nan
9	16560001	16600000	AFR+EAS	EUR	NEA,DEN	NA	1029	0	0.0
9	16600001	16640000	AFR+EAS	EUR	NEA,DEN	NA	1063	0	0.0
9	16640001	16680000	AFR+EAS	EUR	NEA,DEN	NA	1153	3	0.6120775347912525
9	16680001	16720000	AFR+EAS	EUR	NEA,DEN	NA	999	0	0.0009940357852882703
9	16720001	16760000	AFR+EAS	EUR	NEA,DEN	NA	1007	7	0.697117296222664
9	16760001	16800000	AFR+EAS	EUR	NEA,DEN	NA	1060	4	0.6972166998011928
9	16800001	16840000	AFR+EAS	EUR	NEA,DEN	NA	960	4	0.7260437375745527
9	16840001	16880000	AFR+EAS	EUR	NEA,DEN	NA	923	0	0.15397614314115307
9	16880001	16920000	AFR+EAS	EUR	NEA,DEN	NA	512	0	0.14314115308151093
